Workbook

Sheet Statement of Applicability
A1: Domain | B1: Control ID | C1: Control Name | D1: Applicable? | E1: Justification | F1: Implementation Status | G1: Related Policy | H1: Related Risk / Finding | I1: Control Owner | J1: Evidence / Reference | K1: Notes
A2: A.5 | B2: 5.1 | C2: Policies for information security | D2: Yes | E2: Information Security Policy establishes the ISMS security policy framework. | F2: Implemented | G2: Information Security Policy
A3: A.5 | B3: 5.2 | C3: Information security roles and responsibilities | D3: Yes | E3: Roles and responsibilities are defined for management, ISMS, GRC, technical, business, and personnel functions. | F3: Implemented | G3: ISMS Roles & Responsibilities
A4: A.5 | B4: 5.3 | C4: Segregation of duties | D4: Yes | E4: Separation of duties is addressed for access, risk acceptance, control operation, and review. | F4: Partially Implemented | G4: ISMS Roles & Responsibilities
A5: A.5 | B5: 5.4 | C5: Management responsibilities | D5: Yes | E5: Management responsibilities for information security oversight and resources are defined. | F5: Implemented | G5: ISMS Roles & Responsibilities
A6: A.5 | B6: 5.5 | C6: Contact with authorities | D6: Yes | E6: Relevant authority contacts may be required for legal, regulatory, or incident matters. | F6: Planned | G6: Information Security Policy
A7: A.5 | B7: 5.6 | C7: Contact with special interest groups | D7: Yes | E7: Security and industry information-sharing relationships may support threat awareness and good practice. | F7: Planned | G7: Information Security Policy
A8: A.5 | B8: 5.7 | C8: Threat intelligence | D8: Yes | E8: Threat intelligence supports the risk and incident-management program for a cloud SaaS provider. | F8: Partially Implemented | G8: Information Security Policy
A9: A.5 | B9: 5.8 | C9: Information security in project management | D9: Yes | E9: Security requirements should be incorporated into projects and technology changes. | F9: Partially Implemented | G9: Information Security Policy
A10: A.5 | B10: 5.9 | C10: Inventory of information and other associated assets | D10: Yes | E10: An Axiom asset inventory has been established as part of the risk assessment. | F10: Implemented | G10: Asset Management Policy
A11: A.5 | B11: 5.10 | C11: Acceptable use of information and other associated assets | D11: Yes | E11: Personnel need rules for appropriate use of company information and assets. | F11: Planned | G11: Asset Management Policy
A12: A.5 | B12: 5.11 | C12: Return of assets | D12: Yes | E12: Assets should be returned or access removed when personnel or relationships end. | F12: Planned | G12: Asset Management Policy
A13: A.5 | B13: 5.12 | C13: Classification of information | D13: Yes | E13: A classification approach is needed to protect Axiom information according to sensitivity. | F13: Partially Implemented | G13: Information Security Policy
... A94: A.8 | B94: 8.34 | C94: Protection of information systems during audit testing | D94: Yes | E94: Audit and assessment activities must avoid unacceptable impact to production systems and information. | F94: Planned | G94: ISMS Roles & Responsibilities

Sheet Summary
A1: Axiom AI Technologies — Statement of Applicability Summary
A2: Framework | B2: ISO/IEC 27001:2022 Annex A
A3: Total Annex A Controls | B3: 93
A4: Applicable Controls | B4: =COUNTIF('Statement of Applicability'!D2:D94,"Yes")
A5: Not Applicable Controls | B5: =COUNTIF('Statement of Applicability'!D2:D94,"No")
A6: Implemented | B6: =COUNTIF('Statement of Applicability'!F2:F94,"Implemented")
A7: Partially Implemented | B7: =COUNTIF('Statement of Applicability'!F2:F94,"Partially Implemented")
A8: Planned | B8: =COUNTIF('Statement of Applicability'!F2:F94,"Planned")
A9: Implementation rate of applicable controls | B9: =IF(B4=0,0,B6/B4)
A11: Domain | B11: Control Count | C11: Applicable | D11: Implemented | E11: Partially Implemented | F11: Planned
A12: A.5 | B12: =COUNTIF('Statement of Applicability'!A2:A94,A12) | C12: =COUNTIFS('Statement of Applicability'!A2:A94,A12,'Statement of Applicability'!D2:D94,"Yes") | D12: =COUNTIFS('Statement of Applicability'!A2:A94,A12,'Statement of Applicability'!F2:F94,"Implemented") | E12: =COUNTIFS('Statement of Applicability'!A2:A94,A12,'Statement of Applicability'!F2:F94,"Partially Implemented") | F12: =COUNTIFS('Statement of Applicability'!A2:A94,A12,'Statement of Applicability'!F2:F94,"Planned")
A13: A.6 | B13: =COUNTIF('Statement of Applicability'!A2:A94,A13) | C13: =COUNTIFS('Statement of Applicability'!A2:A94,A13,'Statement of Applicability'!D2:D94,"Yes") | D13: =COUNTIFS('Statement of Applicability'!A2:A94,A13,'Statement of Applicability'!F2:F94,"Implemented") | E13: =COUNTIFS('Statement of Applicability'!A2:A94,A13,'Statement of Applicability'!F2:F94,"Partially Implemented") | F13: =COUNTIFS('Statement of Applicability'!A2:A94,A13,'Statement of Applicability'!F2:F94,"Planned")
A14: A.7 | B14: =COUNTIF('Statement of Applicability'!A2:A94,A14) | C14: =COUNTIFS('Statement of Applicability'!A2:A94,A14,'Statement of Applicability'!D2:D94,"Yes") | D14: =COUNTIFS('Statement of Applicability'!A2:A94,A14,'Statement of Applicability'!F2:F94,"Implemented") | E14: =COUNTIFS('Statement of Applicability'!A2:A94,A14,'Statement of Applicability'!F2:F94,"Partially Implemented") | F14: =COUNTIFS('Statement of Applicability'!A2:A94,A14,'Statement of Applicability'!F2:F94,"Planned")
A15: A.8 | B15: =COUNTIF('Statement of Applicability'!A2:A94,A15) | C15: =COUNTIFS('Statement of Applicability'!A2:A94,A15,'Statement of Applicability'!D2:D94,"Yes") | D15: =COUNTIFS('Statement of Applicability'!A2:A94,A15,'Statement of Applicability'!F2:F94,"Implemented") | E15: =COUNTIFS('Statement of Applicability'!A2:A94,A15,'Statement of Applicability'!F2:F94,"Partially Implemented") | F15: =COUNTIFS('Statement of Applicability'!A2:A94,A15,'Statement of Applicability'!F2:F94,"Planned")

Sheet Policy Mapping
A1: Policy / ISMS Artifact | B1: Primary Annex A Controls | C1: Purpose
A2: Information Security Policy | B2: A.5.1, A.5.5–A.5.8, A.5.10, A.5.12–A.5.14, A.5.29–A.5.37, A.6.7, A.7.1–A.7.7, A.8.6–A.8.17, A.8.19–A.8.34 | C2: Core security requirements and governance framework
A3: Access Control Policy | B3: A.5.15–A.5.18, A.8.1–A.8.5, A.8.18 | C3: Identity, authentication, access rights, and privileged access
A4: Incident Response Policy | B4: A.5.24–A.5.29, A.6.8 | C4: Incident planning, reporting, response, evidence, and lessons learned
A5: Asset Management Policy | B5: A.5.9–A.5.13, A.7.8–A.7.14 | C5: Asset ownership, classification, handling, protection, and disposal
A6: Third-Party Security Policy | B6: A.5.19–A.5.23, A.6.6, A.8.30 | C6: Supplier security, contracts, cloud services, and outsourced development
A7: ISMS Scope Statement | B7: ISO/IEC 27001 Clause 4.3 | C7: Defines ISMS boundaries and applicability
A8: ISMS Objectives | B8: ISO/IEC 27001 Clause 6.2 | C8: Defines measurable information security objectives
A9: ISMS Roles & Responsibilities | B9: A.5.2–A.5.4, A.5.35, A.8.34 | C9: Defines ownership, accountability, segregation, and review responsibilities

Sheet Read Me
A1: Purpose | B1: Portfolio demonstration of an ISO/IEC 27001:2022 Statement of Applicability for the fictional Axiom AI Technologies environment.
A2: Classification | B2: Internal Use
A3: Important | B3: Applicability and implementation status are portfolio assumptions based on the documented Axiom environment and should not be represented as an actual certification assessment.
A4: Standard basis | B4: The 2022 Annex A catalogue contains 93 controls across Organizational (A.5), People (A.6), Physical (A.7), and Technological (A.8) themes.
A5: Assessment linkage | B5: The workbook includes policy mapping fields and placeholders for related risks/findings, control owners, and evidence so the existing 40-control assessment can be linked without inventing unsupported control IDs.
A6: Status meaning | B6: Implemented = evidence/documentation indicates the control is established; Partially Implemented = some implementation exists but gaps remain; Planned = applicable but implementation evidence is not yet established.
