Workbook

Sheet Risk Register
A1: Risk ID | B1: Asset ID | C1: Asset Name | D1: Risk Title | E1: Threat | F1: Vulnerability / Weakness | G1: Risk Scenario | H1: Existing Controls | I1: Likelihood | J1: Impact | K1: Treatment | L1: Treatment Actions | M1: Risk Owner | N1: Target Date | O1: Inherent Risk Score | P1: Inherent Risk Level | Q1: Residual Likelihood | R1: Residual Impact | S1: Residual Risk Score | T1: Residual Risk Level | U1: Status
A2: RSK-001 | B2: AST-001 | C2: AWS Production Environment | D2: Cloud Misconfiguration | E2: Threat actor or accidental administrator change | F2: Inadequate configuration management or excessive permissions | G2: Misconfigured cloud resources could expose services or data and disrupt production operations. | H2: IAM least privilege; change management; AWS security monitoring | I2: 4 | J2: 5 | K2: Mitigate | L2: Strengthen configuration baselines, periodic reviews, and automated detection of high-risk changes. | M2: Cloud/DevOps | N2: 2027-01-31 | O2: =I2*J2 -> 20 | P2: =IF(O2<=4,"Low",IF(O2<=9,"Moderate",IF(O2<=16,"High","Critical"))) -> Critical | Q2: =I2 -> 4 | R2: =J2 -> 5 | S2: =Q2*R2 -> 20 | T2: =IF(S2<=4,"Low",IF(S2<=9,"Moderate",IF(S2<=16,"High","Critical"))) -> Critical | U2: In Progress
A3: RSK-002 | B3: AST-002 | C3: Customer Database | D3: Unauthorized Access to Customer Data | E3: Compromised account or malicious insider | F3: Excessive privileges, credential compromise, or insufficient access review | G3: Unauthorized access could expose customer information and create confidentiality, regulatory, and contractual impacts. | H3: IAM; MFA; database access controls; logging | I3: 4 | J3: 5 | K3: Mitigate | L3: Implement periodic access recertification, privileged-access controls, and enhanced database monitoring. | M3: Data Owner | N3: 2026-12-15 | O3: =I3*J3 -> 20 | P3: =IF(O3<=4,"Low",IF(O3<=9,"Moderate",IF(O3<=16,"High","Critical"))) -> Critical | Q3: =I3 -> 4 | R3: =J3 -> 5 | S3: =Q3*R3 -> 20 | T3: =IF(S3<=4,"Low",IF(S3<=9,"Moderate",IF(S3<=16,"High","Critical"))) -> Critical | U3: In Progress
A4: RSK-003 | B4: AST-003 | C4: AI/ML Models | D4: Unauthorized Model Access or Theft | E4: External attacker or insider | F4: Insufficient access restrictions or compromised developer credentials | G4: Unauthorized access could expose proprietary models and reduce competitive advantage. | H4: IAM; repository controls; environment segregation | I4: 3 | J4: 5 | K4: Mitigate | L4: Strengthen model repository permissions, monitoring, and privileged access controls. | M4: ML Engineering | N4: 2027-01-31 | O4: =I4*J4 -> 15 | P4: =IF(O4<=4,"Low",IF(O4<=9,"Moderate",IF(O4<=16,"High","Critical"))) -> High | Q4: =I4 -> 3 | R4: =J4 -> 5 | S4: =Q4*R4 -> 15 | T4: =IF(S4<=4,"Low",IF(S4<=9,"Moderate",IF(S4<=16,"High","Critical"))) -> High | U4: Open
A5: RSK-004 | B5: AST-004 | C5: Application Source Code | D5: Source Code Compromise | E5: External attacker, compromised account, or insider | F5: Weak repository permissions or stolen credentials | G5: Unauthorized modification could introduce malicious code or compromise application integrity. | H5: Repository access controls; MFA; code review; CI/CD controls | I5: 3 | J5: 5 | K5: Mitigate | L5: Expand branch protection, privileged access review, and security monitoring for repository activity. | M5: Engineering | N5: 2026-12-31 | O5: =I5*J5 -> 15 | P5: =IF(O5<=4,"Low",IF(O5<=9,"Moderate",IF(O5<=16,"High","Critical"))) -> High | Q5: =I5 -> 3 | R5: =J5 -> 5 | S5: =Q5*R5 -> 15 | T5: =IF(S5<=4,"Low",IF(S5<=9,"Moderate",IF(S5<=16,"High","Critical"))) -> High | U5: In Progress
A6: RSK-005 | B6: AST-005 | C6: API Gateway | D6: API Credential Compromise and Abuse | E6: External attacker | F6: Exposed credentials, weak authentication, or insufficient rate limiting | G6: Compromised API access could enable unauthorized transactions, data access, or service disruption. | H6: Authentication; API access controls; logging; rate limiting | I6: 4 | J6: 4 | K6: Mitigate | L6: Improve credential lifecycle management, API monitoring, rate limiting, and anomaly detection. | M6: Engineering | N6: 2026-12-15 | O6: =I6*J6 -> 16 | P6: =IF(O6<=4,"Low",IF(O6<=9,"Moderate",IF(O6<=16,"High","Critical"))) -> High | Q6: =I6 -> 4 | R6: =J6 -> 4 | S6: =Q6*R6 -> 16 | T6: =IF(S6<=4,"Low",IF(S6<=9,"Moderate",IF(S6<=16,"High","Critical"))) -> High | U6: In Progress
A7: RSK-006 | B7: AST-006 | C7: CI/CD Pipeline | D7: Software Supply-Chain Compromise | E7: Compromised dependency, account, or build component | F7: Insufficient pipeline isolation, dependency controls, or deployment authorization | G7: A compromised build process could introduce malicious code into production. | H7: Code review; deployment approvals; repository controls | I7: 3 | J7: 5 | K7: Mitigate | L7: Implement stronger pipeline segregation, dependency verification, and protected deployment approvals. | M7: DevOps | N7: 2027-01-15 | O7: =I7*J7 -> 15 | P7: =IF(O7<=4,"Low",IF(O7<=9,"Moderate",IF(O7<=16,"High","Critical"))) -> High | Q7: =I7 -> 3 | R7: =J7 -> 5 | S7: =Q7*R7 -> 15 | T7: =IF(S7<=4,"Low",IF(S7<=9,"Moderate",IF(S7<=16,"High","Critical"))) -> High | U7: Open
A8: RSK-007 | B8: AST-007 | C8: Source Code Repository | D8: Repository Credential Exposure | E8: Phishing, credential theft, or secret committed to repository | F8: Inadequate secret scanning and credential management | G8: Exposed credentials could provide unauthorized access to source code or cloud resources. | H8: MFA; repository access controls; developer security practices | I8: 3 | J8: 5 | K8: Mitigate | L8: Implement secret scanning, credential rotation procedures, and developer security training. | M8: Engineering | N8: 2026-11-30 | O8: =I8*J8 -> 15 | P8: =IF(O8<=4,"Low",IF(O8<=9,"Moderate",IF(O8<=16,"High","Critical"))) -> High | Q8: =I8 -> 3 | R8: =J8 -> 5 | S8: =Q8*R8 -> 15 | T8: =IF(S8<=4,"Low",IF(S8<=9,"Moderate",IF(S8<=16,"High","Critical"))) -> High | U8: In Progress
A9: RSK-008 | B9: AST-008 | C9: Identity Provider | D9: Identity Account Compromise | E9: Phishing, credential stuffing, or session theft | F9: Weak authentication or inadequate conditional access | G9: Compromised identities could provide access to multiple business and technology systems. | H9: MFA; SSO; account lifecycle controls | I9: 4 | J9: 5 | K9: Mitigate | L9: Strengthen phishing-resistant MFA where feasible, conditional access, and privileged identity monitoring. | M9: IT/Security | N9: 2026-12-15 | O9: =I9*J9 -> 20 | P9: =IF(O9<=4,"Low",IF(O9<=9,"Moderate",IF(O9<=16,"High","Critical"))) -> Critical | Q9: =I9 -> 4 | R9: =J9 -> 5 | S9: =Q9*R9 -> 20 | T9: =IF(S9<=4,"Low",IF(S9<=9,"Moderate",IF(S9<=16,"High","Critical"))) -> Critical | U9: In Progress
A10: RSK-009 | B10: AST-009 | C10: AWS IAM Environment | D10: Excessive Cloud Privileges | E10: Misconfiguration or compromised privileged account | F10: Overly broad permissions or insufficient access reviews | G10: Excessive privileges could allow attackers or insiders to access or modify critical cloud resources. | H10: IAM roles; MFA; logging | I10: 4 | J10: 5 | K10: Mitigate | L10: Perform recurring privilege reviews, reduce standing administrative access, and improve IAM monitoring. | M10: Cloud/DevOps | N10: 2026-12-31 | O10: =I10*J10 -> 20 | P10: =IF(O10<=4,"Low",IF(O10<=9,"Moderate",IF(O10<=16,"High","Critical"))) -> Critical | Q10: =I10 -> 4 | R10: =J10 -> 5 | S10: =Q10*R10 -> 20 | T10: =IF(S10<=4,"Low",IF(S10<=9,"Moderate",IF(S10<=16,"High","Critical"))) -> Critical | U10: Open
A11: RSK-010 | B11: AST-010 | C11: Security Logging Platform | D11: Insufficient Security Monitoring | E11: Security event or attacker activity | F11: Incomplete log coverage, retention gaps, or inadequate alerting | G11: Important security events may not be detected or investigated in a timely manner. | H11: Centralized logging; monitoring; alerting | I11: 3 | J11: 4 | K11: Mitigate | L11: Expand critical log coverage, retention standards, alert tuning, and monitoring ownership. | M11: Security Engineering | N11: 2027-01-15 | O11: =I11*J11 -> 12 | P11: =IF(O11<=4,"Low",IF(O11<=9,"Moderate",IF(O11<=16,"High","Critical"))) -> High | Q11: =I11 -> 3 | R11: =J11 -> 4 | S11: =Q11*R11 -> 12 | T11: =IF(S11<=4,"Low",IF(S11<=9,"Moderate",IF(S11<=16,"High","Critical"))) -> High | U11: In Progress
A12: RSK-011 | B12: AST-011 | C12: Employee Endpoints | D12: Malware Infection | E12: Malicious attachment, phishing, or compromised software | F12: Endpoint exposure, unsafe downloads, or delayed patching | G12: Malware could compromise credentials, disrupt operations, or provide access to corporate systems. | H12: Endpoint protection; patching; email security | I12: 4 | J12: 4 | K12: Mitigate | L12: Strengthen endpoint hardening, patch compliance monitoring, and phishing-resistant authentication. | M12: IT | N12: 2026-12-31 | O12: =I12*J12 -> 16 | P12: =IF(O12<=4,"Low",IF(O12<=9,"Moderate",IF(O12<=16,"High","Critical"))) -> High | Q12: =I12 -> 4 | R12: =J12 -> 4 | S12: =Q12*R12 -> 16 | T12: =IF(S12<=4,"Low",IF(S12<=9,"Moderate",IF(S12<=16,"High","Critical"))) -> High | U12: In Progress
A13: RSK-012 | B13: AST-012 | C13: Corporate SaaS Applications | D13: Third-Party SaaS Account Compromise | E13: Credential theft or vendor-side compromise | F13: Weak account controls or inadequate vendor security assurance | G13: Compromise of business SaaS accounts could expose internal information or disrupt operations. | H13: SSO; MFA; vendor assessments | I13: 3 | J13: 4 | K13: Transfer | L13: Standardize SaaS access reviews and third-party security assessments for critical services. | M13: IT / Operations Manager | N13: 2027-01-31 | O13: =I13*J13 -> 12 | P13: =IF(O13<=4,"Low",IF(O13<=9,"Moderate",IF(O13<=16,"High","Critical"))) -> High | Q13: =I13 -> 3 | R13: =J13 -> 4 | S13: =Q13*R13 -> 12 | T13: =IF(S13<=4,"Low",IF(S13<=9,"Moderate",IF(S13<=16,"High","Critical"))) -> High | U13: In Progress
... A21: RSK-020 | B21: AST-020 | C21: Security Policies and ISMS Documentation | D21: Governance and Documentation Gap | E21: Regulatory change, audit requirement, or operational change | F21: Policies may become outdated or fail to reflect current risks and controls | G21: Outdated governance documentation could lead to inconsistent practices, audit gaps, and ineffective control ownership. | H21: Policy review process; document control | I21: 3 | J21: 4 | K21: Accept | L21: Establish formal document ownership, approval, review cycles, and linkage between risks, controls, and policies. | M21: GRC / Security Lead | N21: 2027-01-31 | O21: =I21*J21 -> 12 | P21: =IF(O21<=4,"Low",IF(O21<=9,"Moderate",IF(O21<=16,"High","Critical"))) -> High | Q21: =I21 -> 3 | R21: =J21 -> 4 | S21: =Q21*R21 -> 12 | T21: =IF(S21<=4,"Low",IF(S21<=9,"Moderate",IF(S21<=16,"High","Critical"))) -> High | U21: Accepted

Sheet Risk Treatment Plan
A1: Risk ID | B1: Risk Title | C1: Risk Level | D1: Treatment Strategy | E1: Treatment Action | F1: Risk Owner | G1: Target Date | H1: Status | I1: Completion Notes
A2: ='Risk Register'!A2 -> RSK-001 | B2: ='Risk Register'!D2 -> Cloud Misconfiguration | C2: ='Risk Register'!P2 -> Critical | D2: ='Risk Register'!K2 -> Mitigate | E2: ='Risk Register'!L2 -> Strengthen configuration baselines, periodic reviews, and automated detection of high-risk changes. | F2: ='Risk Register'!M2 -> Cloud/DevOps | G2: ='Risk Register'!N2 -> 2027-01-31 | H2: ='Risk Register'!U2 -> In Progress
A3: ='Risk Register'!A3 -> RSK-002 | B3: ='Risk Register'!D3 -> Unauthorized Access to Customer Data | C3: ='Risk Register'!P3 -> Critical | D3: ='Risk Register'!K3 -> Mitigate | E3: ='Risk Register'!L3 -> Implement periodic access recertification, privileged-access controls, and enhanced database monitoring. | F3: ='Risk Register'!M3 -> Data Owner | G3: ='Risk Register'!N3 -> 2026-12-15 | H3: ='Risk Register'!U3 -> In Progress
A4: ='Risk Register'!A4 -> RSK-003 | B4: ='Risk Register'!D4 -> Unauthorized Model Access or Theft | C4: ='Risk Register'!P4 -> High | D4: ='Risk Register'!K4 -> Mitigate | E4: ='Risk Register'!L4 -> Strengthen model repository permissions, monitoring, and privileged access controls. | F4: ='Risk Register'!M4 -> ML Engineering | G4: ='Risk Register'!N4 -> 2027-01-31 | H4: ='Risk Register'!U4 -> Open
A5: ='Risk Register'!A5 -> RSK-004 | B5: ='Risk Register'!D5 -> Source Code Compromise | C5: ='Risk Register'!P5 -> High | D5: ='Risk Register'!K5 -> Mitigate | E5: ='Risk Register'!L5 -> Expand branch protection, privileged access review, and security monitoring for repository activity. | F5: ='Risk Register'!M5 -> Engineering | G5: ='Risk Register'!N5 -> 2026-12-31 | H5: ='Risk Register'!U5 -> In Progress
A6: ='Risk Register'!A6 -> RSK-005 | B6: ='Risk Register'!D6 -> API Credential Compromise and Abuse | C6: ='Risk Register'!P6 -> High | D6: ='Risk Register'!K6 -> Mitigate | E6: ='Risk Register'!L6 -> Improve credential lifecycle management, API monitoring, rate limiting, and anomaly detection. | F6: ='Risk Register'!M6 -> Engineering | G6: ='Risk Register'!N6 -> 2026-12-15 | H6: ='Risk Register'!U6 -> In Progress
A7: ='Risk Register'!A7 -> RSK-006 | B7: ='Risk Register'!D7 -> Software Supply-Chain Compromise | C7: ='Risk Register'!P7 -> High | D7: ='Risk Register'!K7 -> Mitigate | E7: ='Risk Register'!L7 -> Implement stronger pipeline segregation, dependency verification, and protected deployment approvals. | F7: ='Risk Register'!M7 -> DevOps | G7: ='Risk Register'!N7 -> 2027-01-15 | H7: ='Risk Register'!U7 -> Open
A8: ='Risk Register'!A8 -> RSK-007 | B8: ='Risk Register'!D8 -> Repository Credential Exposure | C8: ='Risk Register'!P8 -> High | D8: ='Risk Register'!K8 -> Mitigate | E8: ='Risk Register'!L8 -> Implement secret scanning, credential rotation procedures, and developer security training. | F8: ='Risk Register'!M8 -> Engineering | G8: ='Risk Register'!N8 -> 2026-11-30 | H8: ='Risk Register'!U8 -> In Progress
A9: ='Risk Register'!A9 -> RSK-008 | B9: ='Risk Register'!D9 -> Identity Account Compromise | C9: ='Risk Register'!P9 -> Critical | D9: ='Risk Register'!K9 -> Mitigate | E9: ='Risk Register'!L9 -> Strengthen phishing-resistant MFA where feasible, conditional access, and privileged identity monitoring. | F9: ='Risk Register'!M9 -> IT/Security | G9: ='Risk Register'!N9 -> 2026-12-15 | H9: ='Risk Register'!U9 -> In Progress
A10: ='Risk Register'!A10 -> RSK-009 | B10: ='Risk Register'!D10 -> Excessive Cloud Privileges | C10: ='Risk Register'!P10 -> Critical | D10: ='Risk Register'!K10 -> Mitigate | E10: ='Risk Register'!L10 -> Perform recurring privilege reviews, reduce standing administrative access, and improve IAM monitoring. | F10: ='Risk Register'!M10 -> Cloud/DevOps | G10: ='Risk Register'!N10 -> 2026-12-31 | H10: ='Risk Register'!U10 -> Open
A11: ='Risk Register'!A11 -> RSK-010 | B11: ='Risk Register'!D11 -> Insufficient Security Monitoring | C11: ='Risk Register'!P11 -> High | D11: ='Risk Register'!K11 -> Mitigate | E11: ='Risk Register'!L11 -> Expand critical log coverage, retention standards, alert tuning, and monitoring ownership. | F11: ='Risk Register'!M11 -> Security Engineering | G11: ='Risk Register'!N11 -> 2027-01-15 | H11: ='Risk Register'!U11 -> In Progress
A12: ='Risk Register'!A12 -> RSK-011 | B12: ='Risk Register'!D12 -> Malware Infection | C12: ='Risk Register'!P12 -> High | D12: ='Risk Register'!K12 -> Mitigate | E12: ='Risk Register'!L12 -> Strengthen endpoint hardening, patch compliance monitoring, and phishing-resistant authentication. | F12: ='Risk Register'!M12 -> IT | G12: ='Risk Register'!N12 -> 2026-12-31 | H12: ='Risk Register'!U12 -> In Progress
A13: ='Risk Register'!A13 -> RSK-012 | B13: ='Risk Register'!D13 -> Third-Party SaaS Account Compromise | C13: ='Risk Register'!P13 -> High | D13: ='Risk Register'!K13 -> Transfer | E13: ='Risk Register'!L13 -> Standardize SaaS access reviews and third-party security assessments for critical services. | F13: ='Risk Register'!M13 -> IT / Operations Manager | G13: ='Risk Register'!N13 -> 2027-01-31 | H13: ='Risk Register'!U13 -> In Progress
... A21: ='Risk Register'!A21 -> RSK-020 | B21: ='Risk Register'!D21 -> Governance and Documentation Gap | C21: ='Risk Register'!P21 -> High | D21: ='Risk Register'!K21 -> Accept | E21: ='Risk Register'!L21 -> Establish formal document ownership, approval, review cycles, and linkage between risks, controls, and policies. | F21: ='Risk Register'!M21 -> GRC / Security Lead | G21: ='Risk Register'!N21 -> 2027-01-31 | H21: ='Risk Register'!U21 -> Accepted

Sheet Residual Risk Assessment
A1: Risk ID | B1: Risk Title | C1: Inherent Risk | D1: Treatment Strategy | E1: Treatment Action | F1: Residual Likelihood | G1: Residual Impact | H1: Residual Score | I1: Residual Risk Level | J1: Risk Owner | K1: Status
A2: ='Risk Register'!A2 -> RSK-001 | B2: ='Risk Register'!D2 -> Cloud Misconfiguration | C2: ='Risk Register'!P2 -> Critical | D2: ='Risk Register'!K2 -> Mitigate | E2: ='Risk Register'!L2 -> Strengthen configuration baselines, periodic reviews, and automated detection of high-risk changes. | F2: ='Risk Register'!Q2 -> 4 | G2: ='Risk Register'!R2 -> 5 | H2: ='Risk Register'!S2 -> 20 | I2: ='Risk Register'!T2 -> Critical | J2: ='Risk Register'!M2 -> Cloud/DevOps | K2: ='Risk Register'!U2 -> In Progress
A3: ='Risk Register'!A3 -> RSK-002 | B3: ='Risk Register'!D3 -> Unauthorized Access to Customer Data | C3: ='Risk Register'!P3 -> Critical | D3: ='Risk Register'!K3 -> Mitigate | E3: ='Risk Register'!L3 -> Implement periodic access recertification, privileged-access controls, and enhanced database monitoring. | F3: ='Risk Register'!Q3 -> 4 | G3: ='Risk Register'!R3 -> 5 | H3: ='Risk Register'!S3 -> 20 | I3: ='Risk Register'!T3 -> Critical | J3: ='Risk Register'!M3 -> Data Owner | K3: ='Risk Register'!U3 -> In Progress
A4: ='Risk Register'!A4 -> RSK-003 | B4: ='Risk Register'!D4 -> Unauthorized Model Access or Theft | C4: ='Risk Register'!P4 -> High | D4: ='Risk Register'!K4 -> Mitigate | E4: ='Risk Register'!L4 -> Strengthen model repository permissions, monitoring, and privileged access controls. | F4: ='Risk Register'!Q4 -> 3 | G4: ='Risk Register'!R4 -> 5 | H4: ='Risk Register'!S4 -> 15 | I4: ='Risk Register'!T4 -> High | J4: ='Risk Register'!M4 -> ML Engineering | K4: ='Risk Register'!U4 -> Open
A5: ='Risk Register'!A5 -> RSK-004 | B5: ='Risk Register'!D5 -> Source Code Compromise | C5: ='Risk Register'!P5 -> High | D5: ='Risk Register'!K5 -> Mitigate | E5: ='Risk Register'!L5 -> Expand branch protection, privileged access review, and security monitoring for repository activity. | F5: ='Risk Register'!Q5 -> 3 | G5: ='Risk Register'!R5 -> 5 | H5: ='Risk Register'!S5 -> 15 | I5: ='Risk Register'!T5 -> High | J5: ='Risk Register'!M5 -> Engineering | K5: ='Risk Register'!U5 -> In Progress
A6: ='Risk Register'!A6 -> RSK-005 | B6: ='Risk Register'!D6 -> API Credential Compromise and Abuse | C6: ='Risk Register'!P6 -> High | D6: ='Risk Register'!K6 -> Mitigate | E6: ='Risk Register'!L6 -> Improve credential lifecycle management, API monitoring, rate limiting, and anomaly detection. | F6: ='Risk Register'!Q6 -> 4 | G6: ='Risk Register'!R6 -> 4 | H6: ='Risk Register'!S6 -> 16 | I6: ='Risk Register'!T6 -> High | J6: ='Risk Register'!M6 -> Engineering | K6: ='Risk Register'!U6 -> In Progress
A7: ='Risk Register'!A7 -> RSK-006 | B7: ='Risk Register'!D7 -> Software Supply-Chain Compromise | C7: ='Risk Register'!P7 -> High | D7: ='Risk Register'!K7 -> Mitigate | E7: ='Risk Register'!L7 -> Implement stronger pipeline segregation, dependency verification, and protected deployment approvals. | F7: ='Risk Register'!Q7 -> 3 | G7: ='Risk Register'!R7 -> 5 | H7: ='Risk Register'!S7 -> 15 | I7: ='Risk Register'!T7 -> High | J7: ='Risk Register'!M7 -> DevOps | K7: ='Risk Register'!U7 -> Open
A8: ='Risk Register'!A8 -> RSK-007 | B8: ='Risk Register'!D8 -> Repository Credential Exposure | C8: ='Risk Register'!P8 -> High | D8: ='Risk Register'!K8 -> Mitigate | E8: ='Risk Register'!L8 -> Implement secret scanning, credential rotation procedures, and developer security training. | F8: ='Risk Register'!Q8 -> 3 | G8: ='Risk Register'!R8 -> 5 | H8: ='Risk Register'!S8 -> 15 | I8: ='Risk Register'!T8 -> High | J8: ='Risk Register'!M8 -> Engineering | K8: ='Risk Register'!U8 -> In Progress
A9: ='Risk Register'!A9 -> RSK-008 | B9: ='Risk Register'!D9 -> Identity Account Compromise | C9: ='Risk Register'!P9 -> Critical | D9: ='Risk Register'!K9 -> Mitigate | E9: ='Risk Register'!L9 -> Strengthen phishing-resistant MFA where feasible, conditional access, and privileged identity monitoring. | F9: ='Risk Register'!Q9 -> 4 | G9: ='Risk Register'!R9 -> 5 | H9: ='Risk Register'!S9 -> 20 | I9: ='Risk Register'!T9 -> Critical | J9: ='Risk Register'!M9 -> IT/Security | K9: ='Risk Register'!U9 -> In Progress
A10: ='Risk Register'!A10 -> RSK-009 | B10: ='Risk Register'!D10 -> Excessive Cloud Privileges | C10: ='Risk Register'!P10 -> Critical | D10: ='Risk Register'!K10 -> Mitigate | E10: ='Risk Register'!L10 -> Perform recurring privilege reviews, reduce standing administrative access, and improve IAM monitoring. | F10: ='Risk Register'!Q10 -> 4 | G10: ='Risk Register'!R10 -> 5 | H10: ='Risk Register'!S10 -> 20 | I10: ='Risk Register'!T10 -> Critical | J10: ='Risk Register'!M10 -> Cloud/DevOps | K10: ='Risk Register'!U10 -> Open
A11: ='Risk Register'!A11 -> RSK-010 | B11: ='Risk Register'!D11 -> Insufficient Security Monitoring | C11: ='Risk Register'!P11 -> High | D11: ='Risk Register'!K11 -> Mitigate | E11: ='Risk Register'!L11 -> Expand critical log coverage, retention standards, alert tuning, and monitoring ownership. | F11: ='Risk Register'!Q11 -> 3 | G11: ='Risk Register'!R11 -> 4 | H11: ='Risk Register'!S11 -> 12 | I11: ='Risk Register'!T11 -> High | J11: ='Risk Register'!M11 -> Security Engineering | K11: ='Risk Register'!U11 -> In Progress
A12: ='Risk Register'!A12 -> RSK-011 | B12: ='Risk Register'!D12 -> Malware Infection | C12: ='Risk Register'!P12 -> High | D12: ='Risk Register'!K12 -> Mitigate | E12: ='Risk Register'!L12 -> Strengthen endpoint hardening, patch compliance monitoring, and phishing-resistant authentication. | F12: ='Risk Register'!Q12 -> 4 | G12: ='Risk Register'!R12 -> 4 | H12: ='Risk Register'!S12 -> 16 | I12: ='Risk Register'!T12 -> High | J12: ='Risk Register'!M12 -> IT | K12: ='Risk Register'!U12 -> In Progress
A13: ='Risk Register'!A13 -> RSK-012 | B13: ='Risk Register'!D13 -> Third-Party SaaS Account Compromise | C13: ='Risk Register'!P13 -> High | D13: ='Risk Register'!K13 -> Transfer | E13: ='Risk Register'!L13 -> Standardize SaaS access reviews and third-party security assessments for critical services. | F13: ='Risk Register'!Q13 -> 3 | G13: ='Risk Register'!R13 -> 4 | H13: ='Risk Register'!S13 -> 12 | I13: ='Risk Register'!T13 -> High | J13: ='Risk Register'!M13 -> IT / Operations Manager | K13: ='Risk Register'!U13 -> In Progress
... A21: ='Risk Register'!A21 -> RSK-020 | B21: ='Risk Register'!D21 -> Governance and Documentation Gap | C21: ='Risk Register'!P21 -> High | D21: ='Risk Register'!K21 -> Accept | E21: ='Risk Register'!L21 -> Establish formal document ownership, approval, review cycles, and linkage between risks, controls, and policies. | F21: ='Risk Register'!Q21 -> 3 | G21: ='Risk Register'!R21 -> 4 | H21: ='Risk Register'!S21 -> 12 | I21: ='Risk Register'!T21 -> High | J21: ='Risk Register'!M21 -> GRC / Security Lead | K21: ='Risk Register'!U21 -> Accepted
