Workbook
Name MY_FUNCTION1: _xludf.LAMBDA(IF(OR('Risk-Register'!$I$2="",'Risk-Register'!$J$2=""),"",'Risk-Register'!$I$2*'Risk-Register'!$J$2))
Name MY_FUNCTION2: _xludf.LAMBDA(IF('Risk-Register'!$K$2="","",IF('Risk-Register'!$K$2<=4,"Low",IF('Risk-Register'!$K$2<=9,"Moderate",IF('Risk-Register'!$K$2<=16,"High","Critical")))))
Name MY_FUNCTION3: _xludf.LAMBDA(IF(OR('Risk-Register'!$Q$2="",'Risk-Register'!$R$2=""),"",'Risk-Register'!$Q$2*'Risk-Register'!$R$2))
Name MY_FUNCTION4: _xludf.LAMBDA(IF('Risk-Register'!$S$2="","",IF('Risk-Register'!$S$2<=4,"Low",IF('Risk-Register'!$S$2<=9,"Moderate",IF('Risk-Register'!$S$2<=16,"High","Critical")))))
Name MY_FUNCTION5: _xludf.LAMBDA(IF(OR('Residual-Risk-Assessment'!$G$2="",'Residual-Risk-Assessment'!$H$2=""),"",'Residual-Risk-Assessment'!$G$2*'Residual-Risk-Assessment'!$H$2))

Sheet Risk-Register
A1: Risk ID | B1: Risk Title | C1: Asset ID | D1: Asset / Process | E1: Risk Description | F1: Threat | G1: Vulnerability / Weakness | H1: Existing Controls | I1: Likelihood | J1: Impact | K1: Inherent Risk Score | L1: Inherent Risk Level | M1: Risk Owner | N1: Treatment Strategy | O1: Treatment Actions | P1: Target Date | Q1: Residual Likelihood | R1: Residual Impact | S1: Residual Risk Score | T1: Residual Risk Level
A2: R-001 | B2: Unauthorized Access to Customer & Patient Data | C2: AST-001 | D2: Customer & Patient Data Repository | E2: Unauthorized access to sensitive customer and patient-related information could result in data exposure, privacy violations, regulatory consequences, and loss of customer trust. | F2: Compromised credentials, malicious insider activity, or unauthorized user access | G2: Excessive access privileges, insufficient access reviews, or weaknesses in authentication and authorization controls | H2: Role-based access control; MFA; least-privilege principles; access reviews; identity lifecycle management; security logging | I2: 4 | J2: 5 | K2: =IF(OR(I2="",J2=""),"",I2*J2) -> 20 | L2: =IF(K2="","",IF(K2<=4,"Low",IF(K2<=9,"Moderate",IF(K2<=16,"High","Critical")))) -> Critical | M2: CISO | N2: Mitigate | O2: Strengthen role-based access controls; perform periodic privileged-access reviews; enforce MFA for all administrative access; monitor anomalous access activity; remove unnecessary permissions | P2: 46387 | Q2: 2 | R2: 5 | S2: =IF(OR(Q2="",R2=""),"",Q2*R2) -> 10 | T2: =IF(S2="","",IF(S2<=4,"Low",IF(S2<=9,"Moderate",IF(S2<=16,"High","Critical")))) -> High
A3: R-002 | B3: Unauthorized Modification of Customer & Patient Data | C3: AST-001 | D3: Customer & Patient Data Repository | E3: Unauthorized or improper modification of customer and patient-related data could compromise data integrity, disrupt healthcare workflows, and result in incorrect or unreliable information being used by customers or internal personnel. | F3: Malicious insider activity, compromised privileged account, or unauthorized application activity | G3: Excessive database privileges, inadequate change controls, insufficient monitoring of data modifications, or weak separation of duties | H3: Role-based access control; least privilege; change management; database access restrictions; audit logging; backup and recovery procedures | I3: 3 | J3: 5 | K3: =IF(OR(I3="",J3=""),"",I3*J3) -> 15 | L3: =IF(K3="","",IF(K3<=4,"Low",IF(K3<=9,"Moderate",IF(K3<=16,"High","Critical")))) -> High | M3: CISO | N3: Mitigate | O3: Restrict privileged database access; implement stronger database activity monitoring; review privileged access regularly; strengthen change approval requirements; validate backup integrity through periodic recovery testing | P3: 46387 | Q3: 2 | R3: 5 | S3: =IF(OR(Q3="",R3=""),"",Q3*R3) -> 10 | T3: =IF(S3="","",IF(S3<=4,"Low",IF(S3<=9,"Moderate",IF(S3<=16,"High","Critical")))) -> High
A4: R-003 | B4: Customer Web Application Compromise | C4: AST-002 | D4: Customer Web Application | E4: Exploitation of vulnerabilities in the internet-facing customer application could allow unauthorized access, service disruption, or compromise of sensitive customer information. | F4: External attacker exploiting application vulnerabilities | G4: Unpatched software, insecure application configurations, coding vulnerabilities, or inadequate security testing | H4: Secure development practices; vulnerability management; code review; change management; access controls; security monitoring | I4: 4 | J4: 5 | K4: =IF(OR(I4="",J4=""),"",I4*J4) -> 20 | L4: =IF(K4="","",IF(K4<=4,"Low",IF(K4<=9,"Moderate",IF(K4<=16,"High","Critical")))) -> Critical | M4: VP Engineering | N4: Mitigate | O4: Strengthen secure SDLC requirements; perform recurring application security testing; prioritize remediation of critical vulnerabilities; implement security-focused code reviews; monitor application activity for indicators of compromise | P4: 46387 | Q4: 2 | R4: 5 | S4: =IF(OR(Q4="",R4=""),"",Q4*R4) -> 10 | T4: =IF(S4="","",IF(S4<=4,"Low",IF(S4<=9,"Moderate",IF(S4<=16,"High","Critical")))) -> High
A5: R-004 | B5: API Security / Unauthorized Access | C5: AST-003 | D5: Applicaion Layer | E5: Inadequate API security could allow unauthorized access to application functions or data, resulting in data exposure, service disruption, or abuse of application capabilities. | F5: External attacker exploiting API vulnerabilities or compromised credentials | G5: Weak authentication or authorization controls, insufficient input validation, insecure API configurations, or inadequate API security testing | H5: API authentication and authorization; input validation; access controls; secure development practices; logging and monitoring; vulnerability management | I5: 4 | J5: 5 | K5: =IF(OR(I5="",J5=""),"",I5*J5) -> 20 | L5: =IF(K5="","",IF(K5<=4,"Low",IF(K5<=9,"Moderate",IF(K5<=16,"High","Critical")))) -> Critical | M5: VP Engineering | N5: Mitigate | O5: Strengthen API authentication and authorization; implement consistent input validation; perform recurring API security testing; review exposed endpoints; monitor API activity for suspicious behavior | P5: 46387 | Q5: 2 | R5: 5 | S5: =IF(OR(Q5="",R5=""),"",Q5*R5) -> 10 | T5: =IF(S5="","",IF(S5<=4,"Low",IF(S5<=9,"Moderate",IF(S5<=16,"High","Critical")))) -> High
A6: R-005 | B6: Cloud Misconfiguration | C6: AST-004 | D6: AWS Production Evnironment | E6: Misconfigured cloud infrastructure or security settings could expose systems or data, enable unauthorized access, or disrupt production services. | F6: External attacker exploiting exposed cloud resources or misconfigured services | G6: Insecure security-group rules, excessive permissions, publicly exposed resources, configuration drift, or insufficient cloud security monitoring | H6: IAM; least privilege; security groups; configuration management; vulnerability management; security monitoring; change management | I6: 4 | J6: 5 | K6: =IF(OR(I6="",J6=""),"",I6*J6) -> 20 | L6: =IF(K6="","",IF(K6<=4,"Low",IF(K6<=9,"Moderate",IF(K6<=16,"High","Critical")))) -> Critical | M6: CTO | N6: Mitigate | O6: Implement continuous cloud configuration monitoring; review security-group rules and IAM permissions; remove unnecessary public exposure; establish configuration baselines; remediate high-risk configuration findings | P6: 46387 | Q6: 2 | R6: 5 | S6: =IF(OR(Q6="",R6=""),"",Q6*R6) -> 10 | T6: =IF(S6="","",IF(S6<=4,"Low",IF(S6<=9,"Moderate",IF(S6<=16,"High","Critical")))) -> High
A7: R-006 | B7: Account Compromise / Excessive Privileges | C7: AST-005 | D7: Identity & Access Management | E7: Compromise of user or privileged accounts, combined with excessive permissions, could allow unauthorized access to critical systems and sensitive information. | F7: Credential theft, phishing, credential stuffing, or malicious insider activity | G7: Excessive privileges, weak authentication, stale accounts, inadequate access reviews, or ineffective privileged-access controls | H7: MFA; role-based access control; least privilege; identity lifecycle management; access reviews; security logging | I7: 4 | J7: 5 | K7: =IF(OR(I7="",J7=""),"",I7*J7) -> 20 | L7: =IF(K7="","",IF(K7<=4,"Low",IF(K7<=9,"Moderate",IF(K7<=16,"High","Critical")))) -> Critical | M7: CISO | N7: Mitigate | O7: Enforce MFA across critical systems; strengthen privileged-access controls; perform periodic access reviews; remove stale accounts and unnecessary permissions; monitor authentication activity for anomalous behavior | P7: 46387 | Q7: 2 | R7: 5 | S7: =IF(OR(Q7="",R7=""),"",Q7*R7) -> 10 | T7: =IF(S7="","",IF(S7<=4,"Low",IF(S7<=9,"Moderate",IF(S7<=16,"High","Critical")))) -> High
A8: R-007 | B8: Insufficient Security Monitoring | C8: AST-006 | D8: Security Logging & Monitoring | E8: Inadequate security logging, monitoring, or alerting could delay detection and response to unauthorized activity, increasing the potential impact of security incidents. | F8: Cyber attacker, malicious insider, or unauthorized activity | G8: Incomplete log coverage, insufficient alerting, excessive alert noise, inadequate monitoring of critical systems, or delayed investigation | H8: Centralized logging; security monitoring; alerting; incident response procedures; access controls; log retention | I8: 3 | J8: 4 | K8: =IF(OR(I8="",J8=""),"",I8*J8) -> 12 | L8: =IF(K8="","",IF(K8<=4,"Low",IF(K8<=9,"Moderate",IF(K8<=16,"High","Critical")))) -> High | M8: CISO | N8: Mitigate | O8: Expand monitoring coverage for critical systems; improve security alerting and correlation; establish monitoring use cases for high-risk events; tune alert thresholds; conduct periodic log-source and detection reviews | P8: 46387 | Q8: 2 | R8: 4 | S8: =IF(OR(Q8="",R8=""),"",Q8*R8) -> 8 | T8: =IF(S8="","",IF(S8<=4,"Low",IF(S8<=9,"Moderate",IF(S8<=16,"High","Critical")))) -> Moderate
A9: R-008 | B9: Backup Failure / Recovery Failure | C9: AST-007 | D9: Backup & Recovery Repository | E9: Failure to create, protect, or successfully restore backups could result in permanent or prolonged loss of critical data and extended service disruption following a security incident or system failure. | F9: Ransomware, system failure, data corruption, accidental deletion, or cloud service disruption | G9: Incomplete backup coverage, failed backup jobs, inadequate backup protection, untested recovery procedures, or insufficient recovery monitoring | H9: Automated backups; backup monitoring; access controls; recovery procedures; backup retention; disaster recovery planning | I9: 3 | J9: 5 | K9: =IF(OR(I9="",J9=""),"",I9*J9) -> 15 | L9: =IF(K9="","",IF(K9<=4,"Low",IF(K9<=9,"Moderate",IF(K9<=16,"High","Critical")))) -> High | M9: COO | N9: Mitigate | O9: Monitor backup jobs and failures; protect backups against unauthorized modification or deletion; perform periodic restoration testing; validate backup coverage for critical systems; document and test recovery procedures | P9: 46387 | Q9: 2 | R9: 5 | S9: =IF(OR(Q9="",R9=""),"",Q9*R9) -> 10 | T9: =IF(S9="","",IF(S9<=4,"Low",IF(S9<=9,"Moderate",IF(S9<=16,"High","Critical")))) -> High
A10: R-009 | B10: Endpoint Compromise | C10: AST-008 | D10: Corporate Endpoint Fleet | E10: Compromise of corporate endpoints could provide attackers with unauthorized access to company systems, credentials, sensitive information, or internal resources. | F10: Malware, phishing, ransomware, or malicious software | G10: Unpatched endpoint software, malicious downloads, weak endpoint configuration, inadequate endpoint protection, or user credential compromise | H10: Endpoint security platform; patch management; MFA; device management; security awareness training; access controls | I10: 4 | J10: 4 | K10: =IF(OR(I10="",J10=""),"",I10*J10) -> 16 | L10: =IF(K10="","",IF(K10<=4,"Low",IF(K10<=9,"Moderate",IF(K10<=16,"High","Critical")))) -> High | M10: COO | N10: Mitigate | O10: Strengthen endpoint protection policies; enforce timely security patching; monitor endpoint security alerts; restrict unauthorized software; improve phishing resistance and security awareness; review endpoint compliance regularly | P10: 46387 | Q10: 2 | R10: 4 | S10: =IF(OR(Q10="",R10=""),"",Q10*R10) -> 8 | T10: =IF(S10="","",IF(S10<=4,"Low",IF(S10<=9,"Moderate",IF(S10<=16,"High","Critical")))) -> Moderate
A11: R-010 | B11: Unauthorized Source-Code Access | C11: AST-010 | D11: Source Code Repository | E11: Unauthorized access to source code could expose proprietary intellectual property, introduce malicious changes, or provide attackers with information that could facilitate compromise of production systems. | F11: Compromised developer account, malicious insider, or unauthorized third party | G11: Excessive repository permissions, inadequate access reviews, weak branch protections, or insufficient monitoring of repository activity | H11: Role-based repository access; MFA; branch protection; code review; access reviews; audit logging | I11: 3 | J11: 4 | K11: 12 | L11: =IF(K11="","",IF(K11<=4,"Low",IF(K11<=9,"Moderate",IF(K11<=16,"High","Critical")))) -> High | M11: VP Engineering | N11: Mitigate | O11: Enforce least-privilege repository permissions; strengthen branch protection; conduct periodic access reviews; require MFA; monitor repository activity for suspicious changes or access patterns | P11: 46387 | Q11: 2 | R11: 4 | S11: =IF(OR(Q11="",R11=""),"",Q11*R11) -> 8 | T11: =IF(S11="","",IF(S11<=4,"Low",IF(S11<=9,"Moderate",IF(S11<=16,"High","Critical")))) -> Moderate
A12: R-011 | B12: Unauthorized or Malicious Deployment | C12: AST-011 | D12: CI/CD Pipeline | E12: Unauthorized or malicious changes introduced through the CI/CD pipeline could result in compromised production systems, service disruption, or deployment of vulnerable code. | F12: Compromised developer account, malicious insider, or attacker compromising the deployment pipeline | G12: Excessive pipeline permissions, inadequate separation of duties, weak change controls, insecure pipeline configurations, or insufficient deployment validation | H12: Change management; code review; branch protection; access controls; deployment logging; testing requirements | I12: 3 | J12: 5 | K12: =IF(OR(I12="",J12=""),"",I12*J12) -> 15 | L12: =IF(K12="","",IF(K12<=4,"Low",IF(K12<=9,"Moderate",IF(K12<=16,"High","Critical")))) -> High | M12: VP Engineering | N12: Mitigate | O12: Strengthen CI/CD access controls; enforce separation of duties; require approval for production deployments; protect pipeline credentials and secrets; implement deployment monitoring and audit trails | P12: 46387 | Q12: 2 | R12: 5 | S12: =IF(OR(Q12="",R12=""),"",Q12*R12) -> 10 | T12: =IF(S12="","",IF(S12<=4,"Low",IF(S12<=9,"Moderate",IF(S12<=16,"High","Critical")))) -> High
A13: R-012 | B13: Credential / Secret Exposure | C13: AST-012 | D13: Secrets & Credential Store | E13: Exposure or unauthorized disclosure of credentials, API keys, tokens, or other secrets could enable attackers to access applications, cloud infrastructure, or sensitive data. | F13: Credential theft, accidental disclosure, malicious insider activity, or compromised development environment | G13: Hardcoded credentials, excessive access permissions, inadequate secret rotation, accidental disclosure, or insufficient monitoring of secret usage | H13: Centralized secrets management; access controls; least privilege; MFA; credential rotation; security monitoring | I13: 4 | J13: 5 | K13: =IF(OR(I13="",J13=""),"",I13*J13) -> 20 | L13: =IF(K13="","",IF(K13<=4,"Low",IF(K13<=9,"Moderate",IF(K13<=16,"High","Critical")))) -> Critical | M13: CISO | N13: Mitigate | O13: Enforce centralized secrets management; prohibit hardcoded credentials; strengthen access controls; implement automated secret rotation; monitor secret access; periodically review privileged credentials | P13: 46387 | Q13: 2 | R13: 5 | S13: =IF(OR(Q13="",R13=""),"",Q13*R13) -> 10 | T13: =IF(S13="","",IF(S13<=4,"Low",IF(S13<=9,"Moderate",IF(S13<=16,"High","Critical")))) -> High
A14: R-013 | B14: Third-Party Security Risk | C14: AST-15 | D14: Vendor & Third-Party Records | E14: A security weakness or control failure at a third-party provider could expose Northstar systems or data, disrupt critical services, or create compliance and operational risks. | F14: Third-party compromise, supply-chain attack, vendor insider threat, or security control failure | G14: Incomplete vendor due diligence, insufficient security requirements, inadequate ongoing monitoring, or limited visibility into third-party security controls | H14: Vendor security assessments; contractual security requirements; risk classification; access controls; supplier monitoring; incident notification requirements | I14: 3 | J14: 5 | K14: =IF(OR(I14="",J14=""),"",I14*J14) -> 15 | L14: =IF(K14="","",IF(K14<=4,"Low",IF(K14<=9,"Moderate",IF(K14<=16,"High","Critical")))) -> High | M14: CISO | N14: Mitigate | O14: Strengthen third-party due diligence; classify vendors by risk; require appropriate security and incident-notification provisions; conduct periodic reassessments; track remediation of identified vendor risks | P14: 46387 | Q14: 2 | R14: 5 | S14: =IF(OR(Q14="",R14=""),"",Q14*R14) -> 10 | T14: =IF(S14="","",IF(S14<=4,"Low",IF(S14<=9,"Moderate",IF(S14<=16,"High","Critical")))) -> High
A15: R-014 | B15: Delayed Vulnerability Remediation | C15: AST-019 | D15: Vulnerability Management | E15: Delayed identification, prioritization, or remediation of security vulnerabilities could leave critical systems exposed to exploitation and increase the likelihood of a security incident. | F15: External attacker exploiting known vulnerabilities | G15: Incomplete asset coverage, ineffective vulnerability prioritization, remediation delays, or insufficient tracking and escalation | H15: Vulnerability scanning; risk-based prioritization; remediation tracking; patch management; security monitoring; vulnerability reporting | I15: 4 | J15: 4 | K15: =IF(OR(I15="",J15=""),"",I15*J15) -> 16 | L15: =IF(K15="","",IF(K15<=4,"Low",IF(K15<=9,"Moderate",IF(K15<=16,"High","Critical")))) -> High | M15: CISO | N15: Mitigate | O15: Establish risk-based remediation timelines; prioritize critical and exploitable vulnerabilities; improve asset coverage; track remediation through defined ownership and escalation; report overdue vulnerabilities to leadership | P15: 46387 | Q15: 2 | R15: 4 | S15: =IF(OR(Q15="",R15=""),"",Q15*R15) -> 8 | T15: =IF(S15="","",IF(S15<=4,"Low",IF(S15<=9,"Moderate",IF(S15<=16,"High","Critical")))) -> Moderate
A16: R-015 | B16: Customer Information Exposure | C16: AST-020 | D16: Customer Support & Case Management | E16: Unauthorized access to customer support records could expose sensitive customer information, support history, or information submitted during customer interactions. | F16: Unauthorized user, compromised account, malicious insider, or third-party access | G16: Excessive access permissions, inadequate access reviews, weak authentication, insufficient data protection, or improper handling of customer information | H16: Role-based access control; MFA; least privilege; access reviews; security logging; data protection requirements | I16: 3 | J16: 4 | K16: =IF(OR(I16="",J16=""),"",I16*J16) -> 12 | L16: =IF(K16="","",IF(K16<=4,"Low",IF(K16<=9,"Moderate",IF(K16<=16,"High","Critical")))) -> High | M16: Head of Customer Success | N16: Mitigate | O16: Restrict access to customer records based on business need; conduct periodic access reviews; enforce MFA; strengthen data handling requirements; monitor access to sensitive customer information | P16: 46387 | Q16: 2 | R16: 4 | S16: =IF(OR(Q16="",R16=""),"",Q16*R16) -> 8 | T16: =IF(S16="","",IF(S16<=4,"Low",IF(S16<=9,"Moderate",IF(S16<=16,"High","Critical")))) -> Moderate

Sheet Risk-Treatment-Plan
A1: Risk ID | B1: Risk Title | C1: Treatment Strategy | D1: Treatment Actions | E1: Risk Owner | F1: Priority | G1: Target Date | H1: Status | I1: Evidence / Validation | J1: Completion Criteria
A2: R-001 | B2: Unauthorized Access to Customer & Patient Data | C2: Mitigate | D2: Strengthen role-based access controls; perform periodic privileged-access reviews; enforce MFA for all administrative access; monitor anomalous access activity; remove unnecessary permissions | E2: CISO | F2: Critical | G2: 46387 | H2: Planned | I2: Access review records; MFA configuration evidence; privileged-access reports; security monitoring records | J2: Privileged access is reviewed periodically; MFA is enforced for administrative access; unnecessary permissions are removed; anomalous access monitoring is operational
A3: R-002 | B3: Unauthorized Modification of Customer & Patient Data | C3: Mitigate | D3: Restrict privileged database access; implement stronger database activity monitoring; review privileged access regularly; strengthen change approval requirements; validate backup integrity through periodic recovery testing | E3: CISO | F3: High | G3: 46387 | H3: In Progress | I3: Database access reviews; database activity monitoring records; approved change records; backup recovery test results | J3: Privileged database access is restricted and reviewed; database activity monitoring is operational; changes require appropriate approval; backup recovery is periodically tested
A4: R-003 | B4: Customer Web Application Compromise | C4: Mitigate | D4: Strengthen secure SDLC requirements; perform recurring application security testing; prioritize remediation of critical vulnerabilities; implement security-focused code reviews; monitor application activity for indicators of compromise | E4: VP Engineering | F4: Critical | G4: 46387 | H4: In Progress | I4: Application security testing reports; vulnerability remediation records; code review records; secure SDLC documentation; application monitoring alerts | J4: Recurring application security testing is established; critical vulnerabilities are remediated within defined timelines; security-focused code reviews are implemented; application monitoring is operational
A5: R-004 | B5: API Security / Unauthorized Access | C5: Mitigate | D5: Strengthen API authentication and authorization; implement consistent input validation; perform recurring API security testing; review exposed endpoints; monitor API activity for suspicious behavior | E5: VP Engineering | F5: Critical | G5: 46387 | H5: Planned | I5: API security testing reports; authentication and authorization configurations; endpoint reviews; vulnerability remediation records; API monitoring logs | J5: Critical API vulnerabilities are remediated; authentication and authorization controls are validated; exposed endpoints are reviewed; API security monitoring is operational
A6: R-005 | B6: Cloud Misconfiguration | C6: Mitigate | D6: Implement continuous cloud configuration monitoring; review security-group rules and IAM permissions; remove unnecessary public exposure; establish configuration baselines; remediate high-risk configuration findings | E6: CTO | F6: Critical | G6: 46387 | H6: In Progress | I6: Cloud configuration assessment reports; IAM and security-group reviews; configuration baseline records; remediation tracking | J6: Critical cloud misconfigurations are remediated; configuration monitoring is operational; IAM and network permissions are reviewed periodically; approved security baselines are established
A7: R-006 | B7: Account Compromise / Excessive Privileges | C7: Mitigate | D7: Enforce MFA across critical systems; strengthen privileged-access controls; perform periodic access reviews; remove stale accounts and unnecessary permissions; monitor authentication activity for anomalous behavior | E7: CISO | F7: Critical | G7: 46387 | H7: Implemented | I7: MFA configuration records; privileged-access reviews; account lifecycle records; access-remediation records; authentication monitoring logs | J7: MFA is enforced for critical systems; privileged access is reviewed periodically; stale accounts and unnecessary permissions are removed; anomalous authentication monitoring is operational
A8: R-007 | B8: Insufficient Security Monitoring | C8: Mitigate | D8: Expand monitoring coverage for critical systems; improve security alerting and correlation; establish monitoring use cases for high-risk events; tune alert thresholds; conduct periodic log-source and detection reviews | E8: CISO | F8: High | G8: 46387 | H8: Implemented | I8: Monitoring coverage reports; security detection rules; alert configuration records; log-source reviews; detection testing results | J8: Critical systems have appropriate log coverage; high-risk monitoring use cases are implemented; alerting is tuned; detection coverage is periodically reviewed and tested
A9: R-008 | B9: Backup Failure / Recovery Failure | C9: Mitigate | D9: Monitor backup jobs and failures; protect backups against unauthorized modification or deletion; perform periodic restoration testing; validate backup coverage for critical systems; document and test recovery procedures | E9: COO | F9: High | G9: 46387 | H9: In Progress | I9: Backup job reports; backup failure alerts; backup access-control reviews; restoration test results; recovery procedure documentation | J9: Backup coverage validated for critical systems; backup failures are monitored and addressed; backups are protected from unauthorized modification or deletion; restoration testing is performed periodically; recovery procedures are documented and tested
A10: R-009 | B10: Endpoint Compromise | C10: Mitigate | D10: Strengthen endpoint protection policies; enforce timely security patching; monitor endpoint security alerts; restrict unauthorized software; improve phishing resistance and security awareness; review endpoint compliance regularly | E10: COO | F10: High | G10: 46387 | H10: Implemented | I10: Endpoint security configuration records; patch compliance reports; EDR alert records; software-control policies; security awareness records; endpoint compliance reports | J10: Endpoint protection is consistently enforced; critical patches are deployed within defined timelines; unauthorized software is restricted; endpoint alerts are monitored; endpoint compliance is reviewed periodically
A11: R-010 | B11: Unauthorized Source-Code Access | C11: Mitigate | D11: Enforce least-privilege repository permissions; strengthen branch protection; conduct periodic access reviews; require MFA; monitor repository activity for suspicious changes or access patterns | E11: VP Engineering | F11: High | G11: 46387 | H11: In Progress | I11: Repository access reviews; branch protection settings; MFA configuration records; repository audit logs; access-remediation records | J11: Repository access follows least privilege; branch protection is enforced; MFA is required; access is reviewed periodically; suspicious repository activity is monitored and investigated
A12: R-011 | B12: Unauthorized or Malicious Deployment | C12: Mitigate | D12: Strengthen CI/CD access controls; enforce separation of duties; require approval for production deployments; protect pipeline credentials and secrets; implement deployment monitoring and audit trails | E12: VP Engineering | F12: High | G12: 46387 | H12: In Progress | I12: CI/CD access reviews; deployment approval records; pipeline configuration; secrets-management records; deployment audit logs | J12: CI/CD access follows least privilege; production deployments require appropriate approval; separation of duties is enforced; pipeline credentials are protected; deployment activity is logged and monitored
A13: R-012 | B13: Credential / Secret Exposure | C13: Mitigate | D13: Enforce centralized secrets management; prohibit hardcoded credentials; strengthen access controls; implement automated secret rotation; monitor secret access; periodically review privileged credentials | E13: CISO | F13: Critical | G13: 46387 | H13: Planned | I13: Secrets-management configuration; credential-access reviews; secret rotation records; code-scanning results; privileged credential reviews; secret-access logs | J13: Centralized secrets management is enforced; hardcoded credentials are prohibited and monitored; privileged credentials are reviewed periodically; automated rotation is implemented; secret access is logged and monitored
... A16: R-015 | B16: Customer Information Exposure | C16: Mitigate | D16: Restrict access to customer records based on business need; conduct periodic access reviews; enforce MFA; strengthen data handling requirements; monitor access to sensitive customer information | E16: Head of Customer Success | F16: High | G16: 46387 | H16: Planned | I16: Customer-data access reviews; MFA configuration records; data-handling procedures; access-monitoring logs; security awareness records | J16: Customer-data access follows business need and least privilege; access is reviewed periodically; MFA is enforced; data-handling requirements are documented; access to sensitive customer information is monitored

Sheet Residual-Risk-Assessment
A1: Risk ID | B1: Risk Title | C1: Inherent Risk Score | D1: Inherent Risk Level | E1: Treatment Strategy | F1: Treatment Status | G1: Residual Likelihood | H1: Residual Impact | I1: Residual Risk Score | J1: Resdidual Risk Level | K1: Risk Owner | L1: Risk Acceptance / Decision | M1: Monitoring Requirements
A2: R-001 | B2: Unauthorized Access to Customer & Patient Data | C2: =IF(A2="","",'Risk-Register'!K2) -> 20 | D2: =IF(A2="","",'Risk-Register'!L2) -> Critical | E2: Mitigate | F2: Planned | G2: 2 | H2: 5 | I2: =IF(OR(G2="",H2=""),"",G2*H2) -> 10 | J2: =IF(I2="","",IF(I2<=4,"Low",IF(I2<=9,"Moderate",IF(I2<=16,"High","Critical")))) -> High | K2: CISO | L2: Residual risk requires continued monitoring and risk-owner oversight | M2: Periodic privileged-access reviews; MFA compliance monitoring; anomalous access monitoring; review of unnecessary permissions
A3: R-002 | B3: Unauthorized Modification of Customer & Patient Data | C3: =IF(A3="","",'Risk-Register'!K3) -> 15 | D3: =IF(A3="","",'Risk-Register'!L3) -> High | E3: Mitigate | F3: In Progress | G3: 2 | H3: 5 | I3: =IF(OR(G3="",H3=""),"",G3*H3) -> 10 | J3: =IF(I3="","",IF(I3<=4,"Low",IF(I3<=9,"Moderate",IF(I3<=16,"High","Critical")))) -> High | K3: CISO | L3: Residual risk requires continued monitoring and risk-owner oversight | M3: Database activity monitoring; privileged-access reviews; change-approval monitoring; backup integrity and recovery testing
A4: R-003 | B4: Customer Web Application Compromise | C4: =IF(A4="","",'Risk-Register'!K4) -> 20 | D4: =IF(A4="","",'Risk-Register'!L4) -> Critical | E4: Mitigate | F4: In Progress | G4: 2 | H4: 5 | I4: =IF(OR(G4="",H4=""),"",G4*H4) -> 10 | J4: =IF(I4="","",IF(I4<=4,"Low",IF(I4<=9,"Moderate",IF(I4<=16,"High","Critical")))) -> High | K4: VP Engineering | L4: Residual risk requires continued treatment, monitoring, and risk-owner oversight | M4: Recurring application security testing; critical vulnerability remediation tracking; secure code reviews; application security monitoring; indicators-of-compromise monitoring
A5: R-004 | B5: API Security / Unauthorized Access | C5: =IF(A5="","",'Risk-Register'!K5) -> 20 | D5: =IF(A5="","",'Risk-Register'!L5) -> Critical | E5: Mitigate | F5: Planned | G5: 2 | H5: 5 | I5: =IF(OR(G5="",H5=""),"",G5*H5) -> 10 | J5: =IF(I5="","",IF(I5<=4,"Low",IF(I5<=9,"Moderate",IF(I5<=16,"High","Critical")))) -> High | K5: VP Engineering | L5: Residual risk requires continued treatment, monitoring, and risk-owner oversight | M5: API security testing; authentication and authorization reviews; exposed-endpoint reviews; vulnerability remediation tracking; API activity monitoring
A6: R-005 | B6: Cloud Misconfiguration | C6: =IF(A6="","",'Risk-Register'!K6) -> 20 | D6: =IF(A6="","",'Risk-Register'!L6) -> Critical | E6: Mitigate | F6: In Progress | G6: 2 | H6: 5 | I6: =IF(OR(G6="",H6=""),"",G6*H6) -> 10 | J6: =IF(I6="","",IF(I6<=4,"Low",IF(I6<=9,"Moderate",IF(I6<=16,"High","Critical")))) -> High | K6: CTO | L6: Residual risk requires continued treatment, monitoring, and risk-owner oversight | M6: Continuous cloud configuration monitoring; IAM and security-group reviews; configuration baseline reviews; public-exposure monitoring; high-risk configuration remediation tracking
A7: R-006 | B7: Account Compromise / Excessive Privileges | C7: =IF(A7="","",'Risk-Register'!K7) -> 20 | D7: =IF(A7="","",'Risk-Register'!L7) -> Critical | E7: Mitigate | F7: Implemented | G7: 2 | H7: 5 | I7: =IF(OR(G7="",H7=""),"",G7*H7) -> 10 | J7: =IF(I7="","",IF(I7<=4,"Low",IF(I7<=9,"Moderate",IF(I7<=16,"High","Critical")))) -> High | K7: CISO | L7: Residual risk is monitored following implementation of identity and access controls | M7: MFA compliance monitoring; privileged-access reviews; stale-account reviews; authentication monitoring; access-remediation tracking
A8: R-007 | B8: Insufficient Security Monitoring | C8: =IF(A8="","",'Risk-Register'!K8) -> 12 | D8: =IF(A8="","",'Risk-Register'!L8) -> High | E8: Mitigate | F8: Planned | G8: 2 | H8: 4 | I8: =IF(OR(G8="",H8=""),"",G8*H8) -> 8 | J8: =IF(I8="","",IF(I8<=4,"Low",IF(I8<=9,"Moderate",IF(I8<=16,"High","Critical")))) -> Moderate | K8: CISO | L8: Residual risk is considered manageable with continued monitoring and improvement of detection coverage | M8: Log-source coverage reviews; detection-rule reviews; alert tuning; high-risk event monitoring; periodic detection testing
A9: R-008 | B9: Backup Failure / Recovery Failure | C9: =IF(A9="","",'Risk-Register'!K9) -> 15 | D9: =IF(A9="","",'Risk-Register'!L9) -> High | E9: Mitigate | F9: In Progress | G9: 2 | H9: 5 | I9: =IF(OR(G9="",H9=""),"",G9*H9) -> 10 | J9: =IF(I9="","",IF(I9<=4,"Low",IF(I9<=9,"Moderate",IF(I9<=16,"High","Critical")))) -> High | K9: COO | L9: Residual risk requires continued treatment, recovery testing, and risk-owner oversight | M9: Backup job monitoring; backup failure tracking; restoration testing; backup access reviews; recovery procedure testing
A10: R-009 | B10: Endpoint Compromise | C10: =IF(A10="","",'Risk-Register'!K10) -> 16 | D10: =IF(A10="","",'Risk-Register'!L10) -> High | E10: Mitigate | F10: Implemented | G10: 2 | H10: 4 | I10: =IF(OR(G10="",H10=""),"",G10*H10) -> 8 | J10: =IF(I10="","",IF(I10<=4,"Low",IF(I10<=9,"Moderate",IF(I10<=16,"High","Critical")))) -> Moderate | K10: COO | L10: Residual risk is considered manageable with continued endpoint monitoring and control maintenance | M10: Endpoint protection alerts; patch compliance monitoring; endpoint security reviews; unauthorized software monitoring; periodic endpoint compliance assessments
A11: R-010 | B11: Unauthorized Source-Code Access | C11: =IF(A11="","",'Risk-Register'!K11) -> 12 | D11: =IF(A11="","",'Risk-Register'!L11) -> High | E11: Mitigate | F11: Implemented | G11: 2 | H11: 4 | I11: =IF(OR(G11="",H11=""),"",G11*H11) -> 8 | J11: =IF(I11="","",IF(I11<=4,"Low",IF(I11<=9,"Moderate",IF(I11<=16,"High","Critical")))) -> Moderate | K11: VP Engineering | L11: Residual risk is considered manageable with continued repository access monitoring and control maintenance | M11: Repository access reviews; branch-protection monitoring; MFA compliance; repository audit logs; periodic review of suspicious access or changes
A12: R-011 | B12: Unauthorized or Malicious Deployment | C12: =IF(A12="","",'Risk-Register'!K12) -> 15 | D12: =IF(A12="","",'Risk-Register'!L12) -> High | E12: Mitigate | F12: In Progress | G12: 2 | H12: 5 | I12: =IF(OR(G12="",H12=""),"",G12*H12) -> 10 | J12: =IF(I12="","",IF(I12<=4,"Low",IF(I12<=9,"Moderate",IF(I12<=16,"High","Critical")))) -> High | K12: VP Engineering | L12: Residual risk requires continued treatment, deployment-control monitoring, and risk-owner oversight | M12: CI/CD access reviews; production deployment approvals; separation-of-duties monitoring; pipeline credential protection; deployment audit logs
A13: R-012 | B13: Credential / Secret Exposure | C13: =IF(A13="","",'Risk-Register'!K13) -> 20 | D13: =IF(A13="","",'Risk-Register'!L13) -> Critical | E13: Mitigate | F13: Implemented | G13: 2 | H13: 5 | I13: =IF(OR(G13="",H13=""),"",G13*H13) -> 10 | J13: =IF(I13="","",IF(I13<=4,"Low",IF(I13<=9,"Moderate",IF(I13<=16,"High","Critical")))) -> High | K13: CISO | L13: Residual risk requires continued monitoring and periodic validation of secrets-management controls | M13: Secret-access monitoring; automated rotation monitoring; privileged credential reviews; code-scanning for exposed secrets; secrets-management configuration reviews
... A15: R-014 | B15: Delayed Vulnerability Remediation | C15: =IF(A15="","",'Risk-Register'!K15) -> 16 | D15: =IF(A15="","",'Risk-Register'!L15) -> High | E15: Mitigate | F15: In Progress | G15: 2 | H15: 4 | I15: =IF(OR(G15="",H15=""),"",G15*H15) -> 8 | J15: =IF(I15="","",IF(I15<=4,"Low",IF(I15<=9,"Moderate",IF(I15<=16,"High","Critical")))) -> Moderate | K15: CISO | L15: Residual risk is considered manageable with continued vulnerability remediation and escalation of overdue findings | M15: Vulnerability remediation tracking; critical-vulnerability monitoring; asset coverage reviews; remediation SLA tracking; overdue vulnerability reporting
A16: R-015 | B16: Customer Information Exposure | C16: =IF(A16="","",'Risk-Register'!K16) -> 12 | D16: High | E16: Mitigate | F16: Planned | G16: 2 | H16: 4 | I16: =IF(OR(G16="",H16=""),"",G16*H16) -> 8 | J16: =IF(I16="","",IF(I16<=4,"Low",IF(I16<=9,"Moderate",IF(I16<=16,"High","Critical")))) -> Moderate | K16: Head of Customer Success | L16: Residual risk is considered manageable with continued access-control improvements and monitoring | M16: Customer-data access reviews; MFA compliance; data-handling reviews; sensitive-data access monitoring; periodic access-control validation
